{
  "benchmarks": [
    {
      "test_name": "math_operations",
      "iterations": 20,
      "total_time_s": 0.0,
      "min_time_ms": 0.05490001058205962,
      "max_time_ms": 0.055899989092722535,
      "mean_time_ms": 0.055604994122404605,
      "median_time_ms": 0.05560001591220498,
      "p95_time_ms": 0.055899989092722535,
      "p99_time_ms": 0.055899989092722535,
      "std_dev_ms": 0.00023725244509693747,
      "throughput_ops": 17983.996146077745,
      "samples": [
        0.05539998528547585,
        0.055599986808374524,
        0.05539998528547585,
        0.05490001058205962,
        0.05529998452402651,
        0.05560001591220498,
        0.05569998756982386,
        0.05549998604692519,
        0.055899989092722535,
        0.0557999883312732,
        0.05570001667365432,
        0.055899989092722535,
        0.055899989092722535,
        0.055599986808374524,
        0.05560001591220498,
        0.05549998604692519,
        0.0557999883312732,
        0.05570001667365432,
        0.05569998756982386,
        0.055599986808374524
      ]
    },
    {
      "test_name": "string_operations",
      "iterations": 20,
      "total_time_s": 0.0,
      "min_time_ms": 0.008300004992634058,
      "max_time_ms": 0.008800008799880743,
      "mean_time_ms": 0.00855000107549131,
      "median_time_ms": 0.008500006515532732,
      "p95_time_ms": 0.008800008799880743,
      "p99_time_ms": 0.008800008799880743,
      "std_dev_ms": 0.00015043910311935023,
      "throughput_ops": 116959.04961538698,
      "samples": [
        0.008700008038431406,
        0.008700008038431406,
        0.008500006515532732,
        0.008400005754083395,
        0.008800008799880743,
        0.008500006515532732,
        0.008400005754083395,
        0.008400005754083395,
        0.00869997893460095,
        0.008600007276982069,
        0.008500006515532732,
        0.008499977411702275,
        0.008500006515532732,
        0.008400005754083395,
        0.008499977411702275,
        0.008800008799880743,
        0.008800008799880743,
        0.008500006515532732,
        0.008499977411702275,
        0.008300004992634058
      ]
    },
    {
      "test_name": "list_operations",
      "iterations": 20,
      "total_time_s": 0.0,
      "min_time_ms": 0.012600008631125093,
      "max_time_ms": 0.017799990018829703,
      "mean_time_ms": 0.01385500218020752,
      "median_time_ms": 0.01300001167692244,
      "p95_time_ms": 0.017799990018829703,
      "p99_time_ms": 0.017799990018829703,
      "std_dev_ms": 0.0018486018796854734,
      "throughput_ops": 72176.09835013552,
      "samples": [
        0.01309998333454132,
        0.01300001167692244,
        0.012899981811642647,
        0.012900010915473104,
        0.013200013199821115,
        0.012999982573091984,
        0.012600008631125093,
        0.012900010915473104,
        0.01270000939257443,
        0.017099984688684344,
        0.017600017599761486,
        0.013100012438371778,
        0.012900010915473104,
        0.013100012438371778,
        0.012899981811642647,
        0.012600008631125093,
        0.013600016245618463,
        0.01719998545013368,
        0.012900010915473104,
        0.017799990018829703
      ]
    },
    {
      "test_name": "dict_operations",
      "iterations": 20,
      "total_time_s": 0.001520395278930664,
      "min_time_ms": 0.049700000090524554,
      "max_time_ms": 0.06649998249486089,
      "mean_time_ms": 0.05658000009134412,
      "median_time_ms": 0.05560001591220498,
      "p95_time_ms": 0.06649998249486089,
      "p99_time_ms": 0.06649998249486089,
      "std_dev_ms": 0.005649741399646797,
      "throughput_ops": 17674.089755842626,
      "samples": [
        0.06649998249486089,
        0.06009999196976423,
        0.05560001591220498,
        0.050499977078288794,
        0.06489999941550195,
        0.066100008552894,
        0.05989999044686556,
        0.05549998604692519,
        0.06220000796020031,
        0.05050000618211925,
        0.06010002107359469,
        0.06029999349266291,
        0.05560001591220498,
        0.050300004659220576,
        0.049700000090524554,
        0.05490001058205962,
        0.049700000090524554,
        0.05470000905916095,
        0.05469997995533049,
        0.04980000085197389
      ]
    },
    {
      "test_name": "json_parse",
      "iterations": 20,
      "total_time_s": 0.0020508766174316406,
      "min_time_ms": 0.1427999814040959,
      "max_time_ms": 0.1611999759916216,
      "mean_time_ms": 0.14702499756822363,
      "median_time_ms": 0.1453000004403293,
      "p95_time_ms": 0.1611999759916216,
      "p99_time_ms": 0.1611999759916216,
      "std_dev_ms": 0.004786914782281975,
      "throughput_ops": 6801.564472299839,
      "samples": [
        0.14310001279227436,
        0.14390001888386905,
        0.14299998292699456,
        0.14799999189563096,
        0.1435000158380717,
        0.149200001033023,
        0.14300001203082502,
        0.14289998216554523,
        0.1427999814040959,
        0.149500003317371,
        0.1449999981559813,
        0.1453000004403293,
        0.1611999759916216,
        0.15100001473911107,
        0.1501999795436859,
        0.14409999130293727,
        0.15449998318217695,
        0.14869999722577631,
        0.14849999570287764,
        0.14310001279227436
      ]
    }
  ],
  "time": "2026-06-12 09:57:51"
}